atoms_id,energy,volume,atoms
0         , -1.61874149e+02,  1.87231546e+02,              18
1         , -1.63019134e+02,  1.70682390e+02,              18
2         , -1.63019134e+02,  1.70682519e+02,              18
