atoms_id,energy,volume,atoms
0         , -1.54732401e+02,  1.69133964e+02,              17
1         , -1.54732401e+02,  1.69133964e+02,              17
