atoms_id,energy,volume,atoms
9         , -1.82228952e+02,  1.83026469e+02,              20
10        , -1.82228952e+02,  1.83023318e+02,              20
11        , -1.82182083e+02,  1.82871164e+02,              20
