atoms_id,energy,volume,atoms
9         , -1.75383294e+02,  1.75202053e+02,              19
10        , -1.75383294e+02,  1.75202054e+02,              19
