atoms_id,energy,volume,atoms
0         , 1         , 2         , 3         , 28        , 29        , 30        , 31        , -4.77835709e+02,  5.60777621e+02,              48
