atoms_id,energy,volume,atoms
0         , -9.73102645e+01,  9.23304781e+01,              11
1         , -9.73102645e+01,  9.23304776e+01,              11
2         , -9.73102645e+01,  9.23304776e+01,              11
