atoms_id,energy,volume,atoms
0         , -9.08381452e+01,  8.85543421e+01,              10
1         , -9.08381452e+01,  8.85543421e+01,              10
