atoms_id,energy,volume,atoms
0         , -5.77192047e+02,  5.68318771e+02,              53
1         , -5.77232911e+02,  5.68473670e+02,              53
2         , -5.77212676e+02,  5.66444599e+02,              53
27        , -5.77192047e+02,  5.68318771e+02,              53
28        , -5.77232911e+02,  5.68473670e+02,              53
29        , -5.77212676e+02,  5.66444599e+02,              53
