atoms_id,energy,volume,atoms
0         , -5.51445207e+02,  5.49417438e+02,              50
25        , -5.51717025e+02,  5.48493956e+02,              50
26        , -5.51771878e+02,  5.43686768e+02,              50
