atoms_id,energy,volume,atoms
0         , -5.42864114e+02,  5.43339160e+02,              49
25        , -5.42864114e+02,  5.43339143e+02,              49
