atoms_id,energy,volume,atoms
0         , -4.90089472e+02,  5.54158483e+02,              50
25        , -4.90089472e+02,  5.54158484e+02,              50
26        , -4.90072987e+02,  5.54348758e+02,              50
