atoms_id,energy,volume,atoms
0         , -4.84104052e+02,  5.56043373e+02,              49
25        , -4.84106507e+02,  5.55944841e+02,              49
