atoms_id,energy,volume,atoms
0         , -2.40729152e+02,  3.08055592e+02,              26
1         , -2.39927062e+02,  3.35408039e+02,              26
20        , -2.40752686e+02,  3.08678121e+02,              26
