atoms_id,energy,volume,atoms
0         , -2.32677540e+02,  3.41752639e+02,              25
1         , -2.32677540e+02,  3.41752623e+02,              25
