atoms_id,energy,volume,atoms
0         , -5.65586484e+02,  8.08657722e+02,              58
1         , -5.65593323e+02,  8.08676022e+02,              58
2         , -5.65577501e+02,  8.08480970e+02,              58
