atoms_id,energy,volume,atoms
0         , -5.55377538e+02,  8.02684236e+02,              57
1         , -5.55377538e+02,  8.02684232e+02,              57
